<profile version="1.0">
  <option name="myName" value="Default" />
  <inspection_tool class="GrazieInspection" enabled="false" level="TYPO" enabled_by_default="false" />
  <inspection_tool class="LanguageDetectionInspection" enabled="false" level="WARNING" enabled_by_default="false" />
  <inspection_tool class="PyCompatibilityInspection" enabled="true" level="WARNING" enabled_by_default="true">
    <option name="ourVersions">
      <value>
        <list size="3">
          <item index="0" class="java.lang.String" itemvalue="3.8" />
          <item index="1" class="java.lang.String" itemvalue="3.9" />
          <item index="2" class="java.lang.String" itemvalue="3.10" />
        </list>
      </value>
    </option>
  </inspection_tool>
  <inspection_tool class="SpellCheckingInspection" enabled="false" level="TYPO" enabled_by_default="false">
    <option name="processCode" value="true" />
    <option name="processLiterals" value="true" />
    <option name="processComments" value="true" />
  </inspection_tool>
</profile>